编号,类别,事项,创建时间,要求节点,完成日期,责任人,备注
TB001,需求,整理客户访谈纪要,2026-09-15,2026-09-30,,刘洋,覆盖 3 家重点客户，输出需求清单
TB002,设计,评审新版原型,2026-09-18,2026-09-28,,李明,UI 需兼顾移动端适配
TB003,开发,搭建 CI 流水线,2026-09-10,2026-09-25,2026-09-24,王强,已完成，包含 lint/test/typecheck 三阶段
TB004,开发,统一 API 返回结构,2026-09-20,2026-10-10,,,按 v2 规范改造，涉及 6 个 router
TB005,测试,编写冒烟测试用例,2026-09-12,2026-09-22,2026-09-20,陈静,覆盖核心流程 15 条
TB006,部署,准备灰度环境,2026-09-22,2026-10-05,,,申请 2 台云主机 + SSL 证书
TB007,文档,更新 README 与 API 说明,2026-09-14,2026-09-26,2026-09-25,赵磊,新增 Docker 部署章节
TB008,沟通,同步客户月度进展,2026-09-23,2026-09-30,,,华中交通 + 南方电网各一场
TB009,运维,巡检生产数据库慢查询,2026-09-08,2026-09-18,2026-09-17,周磊,发现 3 条需加索引
TB010,需求,梳理权限矩阵 V2,2026-09-25,2026-10-12,,,新增视图级 + 字段级权限
TB011,开发,重构表格字段元数据,2026-09-19,2026-10-08,2026-10-06,王强,迁移完成，兼容旧视图配置
TB012,测试,回归测试多租户隔离,2026-09-26,2026-10-14,,,重点验证跨工作区数据泄露
TB013,设计,输出数据字典,2026-09-16,2026-09-29,2026-09-27,李明,覆盖 8 张核心表全部字段
TB014,部署,备份策略演练,2026-09-21,2026-10-03,,,全量 + 增量恢复演练各一次
TB015,沟通,启动会准备,2026-09-27,2026-10-06,,,议程、材料、会议室协调
