排期编号,团队,任务名称,排期日期,投入人天,负责人,状态
RQ0001,研发组,订单服务接口开发,2026-07-06,3,陈立,已确认
RQ0002,研发组,报表引擎性能调优,2026-07-08,2,李振,已确认
RQ0003,研发组,权限中心重构设计,2026-07-13,4,陈立,已确认
RQ0004,研发组,移动端推送服务联调,2026-07-27,3,李振,待确认
RQ0005,研发组,数据大屏组件库封装,2026-08-10,5,陈立,已确认
RQ0006,研发组,消息队列容量扩容,2026-08-17,2,李振,已确认
RQ0007,研发组,审计日志检索优化,2026-09-07,3,陈立,已确认
RQ0008,研发组,开放平台SDK发布,2026-09-14,4,李振,待确认
RQ0009,设计组,门户首页视觉改版,2026-07-07,2,林晓,已确认
RQ0010,设计组,客户A品牌物料设计,2026-07-14,3,苏可,已确认
RQ0011,设计组,移动端3.0交互稿,2026-08-03,4,林晓,已确认
RQ0012,设计组,运营活动专题页设计,2026-08-24,2,苏可,待确认
RQ0013,设计组,帮助中心配图更新,2026-09-01,2,林晓,已确认
RQ0014,设计组,年度发布会主视觉,2026-09-21,5,苏可,已确认
RQ0015,测试组,7月回归测试执行,2026-07-09,2,赵倩,已确认
RQ0016,测试组,自动化用例库维护,2026-07-20,3,周明,已确认
RQ0017,测试组,大促场景性能压测,2026-08-05,4,赵倩,已确认
RQ0018,测试组,安全渗透测试配合,2026-08-31,3,周明,待确认
RQ0019,测试组,9月版本验收测试,2026-09-09,4,赵倩,已确认
RQ0020,测试组,兼容性测试矩阵执行,2026-09-16,2,周明,已确认
RQ0021,实施组,客户A环境部署,2026-07-10,4,王强,已确认
RQ0022,实施组,客户B数据迁移,2026-07-22,5,吴帆,已确认
RQ0023,实施组,客户C私有化交付,2026-08-12,6,王强,已确认
RQ0024,实施组,客户D升级实施,2026-08-26,3,吴帆,已取消
RQ0025,实施组,客户A二阶段上线,2026-09-02,5,王强,已确认
RQ0026,实施组,运维巡检与培训,2026-09-23,2,吴帆,待确认
