出差事项,出差日期,出差地点,参与人员,交流内容,备注
风险排查,2024-01-01,南京,李娜,拜访南京重工，项目风险专项排查，识别8项中高风险并制定应对,预算追加申请中，预计下月获批
产品推介会,2024-01-02,徐州,胡斌,拜访徐工集团，推介会现场收集意向客户线索，后续跟进,
上线巡检,2024-01-04,武汉,梁婷,拜访长江证券，系统运行半年巡检，整体健康度良好,客户反馈上线稳定，二期排期已启动
产品推介会,2024-01-17,南京,林峰,拜访南京重工，推介会现场收集意向客户线索，后续跟进,
架构评审,2024-02-20,武汉,钱进,拜访长江航运，架构评审会，双方CTO共同把关技术路线与架构选型,变更影响工期约3周，已走正式变更流程
架构评审,2024-03-06,杭州,谢鹏,拜访吉利汽车，新增单点登录需求，架构方案同步调整,评审结论有条件通过，两周内提交修订版
产品演示,2024-03-29,武汉,林峰,拜访武汉光谷，演示针对关注场景重点展示大屏看板、报表、审批,双方CTO共同把关技术路线，结论通过
合作伙伴拜访,2024-04-24,贵阳,高明,拜访西部数据中心，会晤后形成联合方案PPT，双方管理层已审阅确认,客户方CIO亲任发起人，重视程度高
客户年度拜访,2024-05-04,东莞,郑昊,拜访东莞华为，高层亲自接待，沟通下年度合作方向,上线后运行稳定，客户口头表扬
架构评审,2024-05-07,洛阳,张伟,拜访洛阳一拖，架构师提出优化建议，降低系统复杂度,客户以流程审批为由延迟，已与财务总监沟通
系统升级实施,2024-05-20,郑州,杨帆,拜访中原银行，系统大版本升级，完成灰度发布与全量切换,客户物流经理分享了流程优化的成功案例
解决方案研讨,2024-05-21,武汉,陈静,拜访东风汽车，联合方案输出白皮书，可用于后续市场拓展,培训分三批进行，考核通过率95%
合作伙伴拜访,2024-05-25,北京,苏扬,拜访中国移动，合作伙伴提出技术对接需求，安排双方架构师对接,演示获得高度评价，进入POC阶段
数据迁移支持,2024-06-10,郑州,黄丽,拜访郑州宇通，迁移后抽样校验，确认数据完整率100%,
渠道拓展,2024-06-13,徐州,梁婷,拜访徐工集团，渠道产品培训，提升合作伙伴方案交付能力,变更影响工期约3周，已走正式变更流程
客户年度拜访,2024-06-14,成都,吴芳,拜访成都芯谷，高层亲自接待，沟通下年度合作方向,系统并发QPS达预期峰值，稳定无异常
合同谈判,2024-07-08,武汉,钱进,拜访长江证券，谈判合同条款，重点讨论付款节点、违约金比例与维保范围,巡检发现日志清理配置不当，已协助调整
客户需求调研,2024-07-10,台州,胡斌,拜访台州吉利，新增移动端适配、离线数据同步等需求，已纳入评估,客户物流经理分享了流程优化的成功案例
故障处理,2024-07-17,保定,陈静,拜访长城汽车，生产系统故障，远程+现场联合排查定位根因,客户提出新的合规要求，已安排专项整改
风险排查,2024-07-19,上海,张伟,拜访上汽集团，项目风险专项排查，识别8项中高风险并制定应对,新增需求已单独报价，预计增加约15人天
需求变更,2024-07-27,上海,谢鹏,拜访上汽集团，变更影响工期约3周，已走正式变更流程并备案,预算追加申请中，预计下月获批
项目中期检查,2024-08-11,长春,李娜,拜访中国一汽，PM检查任务完成率，提出需加快交付节奏,客户物流经理分享了流程优化的成功案例
技术方案评审,2024-08-12,杭州,徐涛,拜访吉利汽车，技术委员会组织评审，关注性能与安全两项硬指标,客户技术团队高度评价，约定两周出POC方案
客户需求调研,2024-08-17,常州,彭辉,拜访常州轨道交通，调研历史系统使用痛点，形成需求初稿,内部评估中，待最终决策
客户需求调研,2024-08-17,青岛,胡斌,拜访青岛海尔，与业务负责人讨论业务流程现状，梳理改进方向,现场网络环境比预期复杂，增加临时支持
上线巡检,2024-09-18,株洲,杨帆,拜访株洲中车，巡检发现日志清理配置不当，协助调整并验证,最终达成有利付款条款，降低回款风险
多团队同步,2024-09-18,长沙,唐浩,拜访中联重科，多方同步明确分工，形成责任矩阵与RACI,培训分三批进行，考核通过率95%
现场实施,2024-10-02,南京,孙悦,拜访南京重工，现场网络环境比预期复杂，增加一名网络工程师支持,内部组织架构调整，延期两周重启
项目启动,2024-10-28,贵阳,曹颖,拜访西部数据中心，CIO亲任项目发起人，对项目重视程度高,评审结论有条件通过，两周内提交修订版
需求变更,2024-10-29,南宁,李娜,拜访南宁玉柴，变更影响工期约3周，已走正式变更流程并备案,验收一次性通过，客户满意度较高
项目启动,2024-11-09,金华,韩梅,拜访金华横店，CIO亲任项目发起人，对项目重视程度高,内部评估中，待最终决策
上线巡检,2024-11-19,深圳,周军,拜访华为技术，系统运行半年巡检，整体健康度良好,双方CTO共同把关技术路线，结论通过
数据迁移支持,2024-11-29,温州,朱琳,拜访温州正泰，历史数据迁移，处理编码转换与格式兼容问题,内部评估中，待最终决策
客户回访,2024-12-01,江门,林峰,拜访江门海信，上线后回访，收集用户反馈与优化建议，纳入下一迭代,预算追加申请中，预计下月获批
合同谈判,2024-12-03,大连,钱进,拜访大连船舶，法务部门审查合同文本，提出若干合规性修改建议,客户对演示效果满意，约定进一步跟进
产品演示,2024-12-31,深圳,钱进,拜访华为技术，演示获得技术团队高度评价，约定两周后出POC方案,
多团队同步,2025-01-07,佛山,苏扬,拜访美的集团，内部多部门同步，对齐时间节点与接口规范,新增需求已单独报价，预计增加约15人天
客户回访,2025-01-27,武汉,胡斌,拜访华中交通，满意度调研，综合评分4.5/5，较去年提升明显,要求零停机，采用双写方案顺利完成
API对接协调,2025-02-02,温州,郭雪,拜访温州正泰，ERP系统对接调试，测试用例全量覆盖,客户对演示效果满意，约定进一步跟进
架构评审,2025-03-09,郑州,韩梅,拜访中原银行，新增单点登录需求，架构方案同步调整,培训分三批进行，考核通过率95%
合作伙伴拜访,2025-03-09,郑州,李娜,拜访中原银行，会晤后形成联合方案PPT，双方管理层已审阅确认,双方CTO共同把关技术路线，结论通过
客户年度拜访,2025-03-12,深圳,陈静,拜访比亚迪，年度客户关系维护，回顾合作历程并展望未来,演示获得高度评价，进入POC阶段
解决方案研讨,2025-03-14,天津,何燕,拜访渤海保险，联合方案输出白皮书，可用于后续市场拓展,培训分三批进行，考核通过率95%
项目复盘,2025-03-16,重庆,何燕,拜访重庆两江，复盘形成文档归档，为后续同类项目提供参考,第三方接口联调略有延迟，已发函催促
现场支持,2025-03-21,长沙,冯刚,拜访三一重工，使用中遇到问题，现场快速定位并修复,新增需求已单独报价，预计增加约15人天
架构评审,2025-03-24,保定,徐涛,拜访长城汽车，新增单点登录需求，架构方案同步调整,变更影响工期约3周，已走正式变更流程
合作洽谈,2025-04-01,苏州,唐浩,拜访苏州工业园，初步达成框架协议，细节年后继续磋商签约,评审结论有条件通过，两周内提交修订版
系统升级实施,2025-04-04,洛阳,梁婷,拜访洛阳一拖，系统大版本升级，完成灰度发布与全量切换,现场网络环境比预期复杂，增加临时支持
合同谈判,2025-04-13,北京,陈静,拜访中国石油，法务部门审查合同文本，提出若干合规性修改建议,现场网络环境比预期复杂，增加临时支持
现场支持,2025-04-25,上海,罗敏,拜访上汽集团，上线初期驻场支持，处理并发高峰时段问题,关键里程碑提前达成，团队士气高涨
项目复盘,2025-04-29,哈尔滨,林峰,拜访哈尔滨电气，复盘形成文档归档，为后续同类项目提供参考,初步达成框架协议，细节年后继续磋商
行业会议,2025-05-03,景德镇,罗敏,拜访景德镇陶瓷，参加分论坛听取行业动态，收获竞品与政策信息,内部组织架构调整，延期两周重启
项目复盘,2025-05-03,北京,林峰,拜访中国石化，复盘形成文档归档，为后续同类项目提供参考,系统并发QPS达预期峰值，稳定无异常
合同谈判,2025-05-08,苏州,马超,拜访苏州工业园，与采购部多轮磋商，最终达成有利付款条款,
性能调优,2025-05-19,大连,黄丽,拜访大连船舶，大促前容量压测，发现风险点并扩容应对,
合同签约,2025-05-20,珠海,何燕,拜访格力电器，签约后商务条款确认会，对齐后续交付与开票节奏,
产品演示,2025-05-21,福州,张伟,拜访福州新大陆，演示获得技术团队高度评价，约定两周后出POC方案,关键里程碑提前达成，团队士气高涨
项目验收,2025-05-21,台州,梁婷,拜访台州吉利，组织跨部门验收评审，一次性通过并获高度评价,客户方架构师建议值得采纳，已纳入方案
行业会议,2025-06-18,珠海,韩梅,拜访珠海格力，参加分论坛听取行业动态，收获竞品与政策信息,客户以流程审批为由延迟，已与财务总监沟通
故障处理,2025-07-06,徐州,张伟,拜访徐工集团，生产系统故障，远程+现场联合排查定位根因,
需求变更,2025-07-16,南京,彭辉,拜访南京重工，需求变更评审，新增访客管理与审批工作流模块,跨团队协调后明确分工，形成责任矩阵
项目验收,2025-07-17,金华,黄丽,拜访金华横店，配合完成上线满一个月稳定运行验证，验收通过,客户物流经理分享了流程优化的成功案例
故障处理,2025-07-23,常州,吴芳,拜访常州轨道交通，生产系统故障，远程+现场联合排查定位根因,要求零停机，采用双写方案顺利完成
合作洽谈,2025-08-15,广州,梁婷,拜访广汽集团，初步达成框架协议，细节年后继续磋商签约,客户提出三点改进建议，已纳入排期
系统升级实施,2025-09-03,南昌,刘洋,拜访南昌江铃，升级前共同制定回滚预案，全程零故障,客户对演示效果满意，约定进一步跟进
客户回访,2025-09-07,宿迁,苏扬,拜访宿迁洋河，回访运维团队，了解日常使用痛点，输出改进清单,演示获得高度评价，进入POC阶段
项目验收,2025-09-30,保定,谢鹏,拜访长城汽车，配合完成上线满一个月稳定运行验证，验收通过,
性能调优,2025-10-06,广州,冯刚,拜访广汽集团，大促前容量压测，发现风险点并扩容应对,客户以流程审批为由延迟，已与财务总监沟通
安全审计,2025-10-30,苏州,高明,拜访苏州工业园，输出安全加固方案并协助实施，通过内部安全检查,当地渠道资源丰富，有望快速落地
安全审计,2025-11-03,宿迁,冯刚,拜访宿迁洋河，邀请第三方安全团队现场渗透测试，协助修复,关键里程碑提前达成，团队士气高涨
客户年度拜访,2025-11-09,大连,高明,拜访大连船舶，年度客户关系维护，回顾合作历程并展望未来,评审结论有条件通过，两周内提交修订版
客户需求调研,2025-11-14,深圳,梁婷,拜访东海航空，与技术总监沟通系统二期需求，确认新增模块范围与交付节奏,系统并发QPS达预期峰值，稳定无异常
合同谈判,2025-11-23,上海,马超,拜访银河期货，合同金额与范围谈判，确认追加二期预算,评审结论有条件通过，两周内提交修订版
技术交流,2025-12-03,广州,周军,拜访珠江证券，与技术团队进行架构设计交流，讨论微服务拆分,客户以流程审批为由延迟，已与财务总监沟通
投标答辩,2025-12-20,广州,徐涛,拜访广汽集团，答辩后进入商务谈判环节，要求提供更多案例,演示获得高度评价，进入POC阶段
现场实施,2025-12-25,上海,高明,拜访银河期货，现场网络环境比预期复杂，增加一名网络工程师支持,
上线巡检,2025-12-26,深圳,黄丽,拜访比亚迪，巡检发现日志清理配置不当，协助调整并验证,巡检发现日志清理配置不当，已协助调整
技术方案评审,2026-01-02,苏州,宋佳,拜访苏州工业园，与架构师深入讨论微服务拆分策略与网关选型,客户以流程审批为由延迟，已与财务总监沟通
项目启动,2026-01-15,郑州,高明,拜访郑州宇通，CIO亲任项目发起人，对项目重视程度高,巡检发现日志清理配置不当，已协助调整
产品演示,2026-01-25,厦门,罗敏,拜访厦门金龙，向潜在客户演示系统核心能力，客户为汽车零部件行业,初步达成框架协议，细节年后继续磋商
技术方案评审,2026-01-26,长沙,胡斌,拜访三一重工，技术方案终审，提出三项关键修改意见，两周内提交修订版,
现场实施,2026-02-17,上海,苏扬,拜访华东电力集团，系统部署实施，完成首批设备联调并通过验收测试,关键里程碑提前达成，团队士气高涨
现场实施,2026-02-22,广州,赵磊,拜访珠江证券，部署前检查服务器与网络配置，完成环境预搭建,最终达成有利付款条款，降低回款风险
数据迁移支持,2026-03-23,赣州,孙悦,拜访赣州稀土，迁移后抽样校验，确认数据完整率100%,客户方架构师建议值得采纳，已纳入方案
行业会议,2026-03-28,北京,罗敏,拜访中储粮，展会期间收集20+潜在客户联系方式，后续跟进,内部评估中，待最终决策
行业会议,2026-04-01,北京,曹颖,拜访中国移动，参加分论坛听取行业动态，收获竞品与政策信息,关键里程碑提前达成，团队士气高涨
解决方案研讨,2026-04-13,上海,曹颖,拜访银河期货，解决方案联合设计，整合双方技术优势与行业洞察,客户方架构师建议值得采纳，已纳入方案
架构评审,2026-04-14,兰州,陈静,拜访西北能源，架构师提出优化建议，降低系统复杂度,第三方接口联调略有延迟，已发函催促
需求澄清,2026-05-08,惠州,梁婷,拜访惠州TCL，澄清遗留待确认事项12项，形成会议纪要双方签字,
投标答辩,2026-06-11,贵阳,马超,拜访贵阳贵航，投标现场答辩，针对痛点给出差异化解决方案,正在走内部审批，承诺月底前完成
行业会议,2026-06-12,武汉,郑昊,拜访武汉光谷，参加分论坛听取行业动态，收获竞品与政策信息,
项目复盘,2026-06-16,西安,周军,拜访西安航天，项目经理全程参与复盘，主动分享踩过的坑,培训分三批进行，考核通过率95%
客户培训,2026-06-23,金华,何燕,拜访金华横店，分三批用户培训，覆盖运维、监控、值班三个岗位,
多团队同步,2026-06-23,台州,吴芳,拜访台州吉利，多方同步明确分工，形成责任矩阵与RACI,跨团队协调后明确分工，形成责任矩阵
合作伙伴拜访,2026-06-25,湘潭,林峰,拜访湘潭钢铁，会谈生态合作伙伴，商讨联合解决方案与市场拓展,演示获得高度评价，进入POC阶段
风险排查,2026-07-02,青岛,唐浩,拜访青岛海尔，项目风险专项排查，识别8项中高风险并制定应对,初步达成框架协议，细节年后继续磋商
客户年度拜访,2026-07-07,北京,冯刚,拜访中粮集团，年度客户关系维护，回顾合作历程并展望未来,系统并发QPS达预期峰值，稳定无异常
标杆案例学习,2026-07-13,连云港,钱进,拜访连云港港口，对标竞品产品矩阵与定价策略，寻找差异化,法务部门关注合规性，已补充材料
产品演示,2026-07-20,北京,李娜,拜访中国石油，演示针对关注场景重点展示大屏看板、报表、审批,验收文档已提交，等待最终确认
现场支持,2026-07-25,沈阳,杨帆,拜访沈阳机床，驻场支持一周，输出运维手册并做详细交接,上线后运行稳定，客户口头表扬
项目启动,2026-07-31,福州,马超,拜访福州新大陆，启动会现场确定里程碑计划与风险登记册模板,客户提出新的合规要求，已安排专项整改
投标答辩,2026-08-05,青岛,赵磊,拜访青岛海尔，答辩后进入商务谈判环节，要求提供更多案例,客户物流经理分享了流程优化的成功案例
合同签约,2026-08-09,深圳,张伟,拜访中兴通讯，签约现场介绍项目组织架构，明确对接人名单,客户反馈上线稳定，二期排期已启动
需求澄清,2026-08-21,武汉,唐浩,拜访长江证券，澄清遗留待确认事项12项，形成会议纪要双方签字,评审结论有条件通过，两周内提交修订版
渠道拓展,2026-08-27,赣州,冯刚,拜访赣州稀土，渠道产品培训，提升合作伙伴方案交付能力,初步达成框架协议，细节年后继续磋商
解决方案研讨,2026-09-12,长沙,郭雪,拜访中联重科，联合方案输出白皮书，可用于后续市场拓展,客户以流程审批为由延迟，已与财务总监沟通
产品演示,2026-10-22,北京,郑昊,拜访中国石油，演示针对关注场景重点展示大屏看板、报表、审批,变更影响工期约3周，已走正式变更流程
解决方案研讨,2026-10-26,长春,梁婷,拜访中国一汽，与CIO研讨三年规划，形成路线图草案,客户反馈上线稳定，二期排期已启动
合作洽谈,2026-10-31,杭州,冯刚,拜访吉利汽车，合作伙伴参观研发中心，就联合解决方案深入交流,
产品演示,2026-11-01,金华,苏扬,拜访金华横店，演示针对关注场景重点展示大屏看板、报表、审批,正在走内部审批，承诺月底前完成
合同签约,2026-11-09,合肥,马超,拜访合肥高新，签约后商务条款确认会，对齐后续交付与开票节奏,正在走内部审批，承诺月底前完成
投标答辩,2026-11-21,宿迁,陈静,拜访宿迁洋河，中标候选排名第一，通知进入单一来源谈判,第三方接口联调略有延迟，已发函催促
多团队同步,2026-12-19,石家庄,李娜,拜访石家庄制药，多方同步明确分工，形成责任矩阵与RACI,内部组织架构调整，延期两周重启
客户培训,2026-12-29,江门,朱琳,拜访江门海信，培训配套视频录制完成，上传内部学习平台,客户物流经理分享了流程优化的成功案例
解决方案研讨,2027-01-30,青岛,杨帆,拜访海尔集团，解决方案联合设计，整合双方技术优势与行业洞察,初步达成框架协议，细节年后继续磋商
现场实施,2027-02-07,深圳,钱进,拜访华为技术，部署前检查服务器与网络配置，完成环境预搭建,客户技术团队高度评价，约定两周出POC方案
技术方案评审,2027-02-15,南京,张伟,拜访南京重工，技术委员会组织评审，关注性能与安全两项硬指标,客户物流经理分享了流程优化的成功案例
客户回访,2027-03-01,福州,高明,拜访福州新大陆，上线后回访，收集用户反馈与优化建议，纳入下一迭代,客户以流程审批为由延迟，已与财务总监沟通
项目验收,2027-03-25,济南,李娜,拜访济南浪潮，项目最终验收，签署验收报告并完成运维交接,客户对演示效果满意，约定进一步跟进
API对接协调,2027-03-26,青岛,郑昊,拜访海尔集团，多方API接口联调协调会，明确接口规范与排期,要求提供更多案例，已准备三个标杆项目
故障处理,2027-03-26,兰州,黄丽,拜访兰州兰石，紧急故障现场处理，协调多方资源4小时内恢复,客户方架构师建议值得采纳，已纳入方案
系统升级实施,2027-03-28,武汉,唐浩,拜访华中交通，多环境依次升级，过程规范可追溯,客户方架构师建议值得采纳，已纳入方案
上线巡检,2027-04-02,沈阳,冯刚,拜访东北重工，巡检发现日志清理配置不当，协助调整并验证,
上线巡检,2027-04-10,郑州,何燕,拜访郑州宇通，上线后定期巡检，排查潜在风险点并输出报告,当地渠道资源丰富，有望快速落地
合作洽谈,2027-04-20,中山,胡斌,拜访中山明阳，初步达成框架协议，细节年后继续磋商签约,客户方CIO亲任发起人，重视程度高
运维手册交付,2027-04-21,济南,马超,拜访济南浪潮，组织运维团队培训，考核通过率100%,关键里程碑提前达成，团队士气高涨
故障处理,2027-04-27,广州,孙悦,拜访南方电网，系统偶发性能问题，现场profile定位并修复,
架构评审,2027-05-06,绍兴,赵磊,拜访绍兴纺织，新增单点登录需求，架构方案同步调整,现场网络环境比预期复杂，增加临时支持
现场实施,2027-05-06,郑州,梁婷,拜访中原银行，部署前检查服务器与网络配置，完成环境预搭建,巡检发现日志清理配置不当，已协助调整
客户年度拜访,2027-05-20,济南,胡斌,拜访济南浪潮，满意度回访，收集改进建议并落实跟踪,客户方CIO亲任发起人，重视程度高
解决方案研讨,2027-06-05,北京,马超,拜访中国联通，解决方案联合设计，整合双方技术优势与行业洞察,现场网络环境比预期复杂，增加临时支持
客户培训,2027-06-14,景德镇,李娜,拜访景德镇陶瓷，培训考核通过率95%，未通过人员安排二次培训,
多团队同步,2027-06-26,上海,刘洋,拜访上汽集团，跨团队同步会，协调上下游依赖与资源调配,
合作伙伴拜访,2027-06-30,广州,高明,拜访广汽集团，合作伙伴提出技术对接需求，安排双方架构师对接,上线后运行稳定，客户口头表扬
现场实施,2027-07-04,海口,孙悦,拜访海南航空，部署前检查服务器与网络配置，完成环境预搭建,预算追加申请中，预计下月获批
产品演示,2027-08-05,郑州,徐涛,拜访郑州宇通，演示后提出定制化需求，评估工作量后回复报价,第三方接口联调略有延迟，已发函催促
安全审计,2027-08-09,台州,彭辉,拜访台州吉利，配合完成安全等保审计的技术材料准备,双方CTO共同把关技术路线，结论通过
方案汇报,2027-08-09,宿迁,刘洋,拜访宿迁洋河，方案向CEO汇报，高层对实时看板功能印象深刻,巡检发现日志清理配置不当，已协助调整
项目启动,2027-08-23,广州,胡斌,拜访南方电网，CIO亲任项目发起人，对项目重视程度高,培训分三批进行，考核通过率95%
风险排查,2027-09-17,青岛,罗敏,拜访青岛海尔，上线前风险专项检查，形成风险登记册并跟踪,正在走内部审批，承诺月底前完成
项目中期检查,2027-10-01,广州,李娜,拜访南方电网，PM检查任务完成率，提出需加快交付节奏,当地渠道资源丰富，有望快速落地
架构评审,2027-10-03,成都,曹颖,拜访成都芯谷，架构评审会，双方CTO共同把关技术路线与架构选型,客户物流经理分享了流程优化的成功案例
合作洽谈,2027-10-09,杭州,唐浩,拜访吉利汽车，渠道合作条款协商，重点讨论返点比例与考核指标,预算追加申请中，预计下月获批
合同谈判,2027-10-11,哈尔滨,张伟,拜访哈尔滨电气，谈判合同条款，重点讨论付款节点、违约金比例与维保范围,调研覆盖多部门，输出需求清单50+项
需求澄清,2027-10-14,广州,林峰,拜访广汽集团，需求边界确认会，新增能耗报表自定义功能模块,客户物流经理分享了流程优化的成功案例
现场实施,2027-10-17,贵阳,杨帆,拜访西部数据中心，现场网络环境比预期复杂，增加一名网络工程师支持,培训分三批进行，考核通过率95%
客户需求调研,2027-10-25,株洲,苏扬,拜访株洲中车，与业务负责人讨论业务流程现状，梳理改进方向,法务部门关注合规性，已补充材料
故障处理,2027-11-22,长沙,马超,拜访三一重工，紧急故障现场处理，协调多方资源4小时内恢复,客户技术团队高度评价，约定两周出POC方案
项目复盘,2027-11-30,北京,徐涛,拜访中国石油，项目经理全程参与复盘，主动分享踩过的坑,巡检发现日志清理配置不当，已协助调整
产品演示,2027-12-08,长沙,冯刚,拜访长沙智造，演示后提出定制化需求，评估工作量后回复报价,现场网络环境比预期复杂，增加临时支持
